Destination URL,Campaign ID,Impressions,Clicks,Cost,Cost / converted click,Avg. CPC,Click conversion rate,Converted clicks,App final URL,Mobile final URL,Final URL,Day
,243061000,178,5,25170000,0,5034000,0.00%,0,,,http://courses.alkhemyinstitute.edu.au/advanced-diploma-of-transpersonal-art-therapy/,2015-08-02
,243061000,35,1,4550000,0,4550000,0.00%,0,,,http://courses.alkhemyinstitute.edu.au/bachelor-of-holistic-counselling/,2015-08-03
,243061000,146,4,17730000,0,4432500,0.00%,0,,,http://courses.alkhemyinstitute.edu.au/advanced-diploma-of-transpersonal-art-therapy/,2015-08-04
,243061000,24,1,2470000,0,2470000,0.00%,0,,,http://courses.alkhemyinstitute.edu.au/bachelor-of-holistic-counselling/,2015-08-05
,243061000,215,7,33020000,33020000,4717143,14.29%,1,,,http://courses.alkhemyinstitute.edu.au/advanced-diploma-of-transpersonal-art-therapy/,2015-08-06
,243061000,8,0,0,0,0,0.00%,0,,,http://courses.alkhemyinstitute.edu.au/bachelor-of-holistic-counselling/,2015-08-12
,266808760,20,0,0,0,0,0.00%,0,,,http://courses.alkhemyinstitute.edu.au/advanced-diploma-of-transpersonal-art-therapy/,2015-08-01
,266808760,2,0,0,0,0,0.00%,0,,,http://courses.alkhemyinstitute.edu.au/advanced-diploma-of-transpersonal-art-therapy/,2015-08-02
,266808760,2,0,0,0,0,0.00%,0,,,http://courses.alkhemyinstitute.edu.au/advanced-diploma-of-transpersonal-art-therapy/,2015-08-02
,266808760,4,0,0,0,0,0.00%,0,,,http://courses.alkhemyinstitute.edu.au/advanced-diploma-of-transpersonal-art-therapy/,2015-08-03
,266808760,52,0,0,0,0,0.00%,0,,,http://courses.alkhemyinstitute.edu.au/advanced-diploma-of-transpersonal-art-therapy/,2015-08-04
,266808760,21,6,7580000,7580000,1263333,16.67%,1,,,http://courses.alkhemyinstitute.edu.au/advanced-diploma-of-transpersonal-art-therapy/,2015-08-04
,266808760,2,0,0,0,0,0.00%,0,,,http://courses.alkhemyinstitute.edu.au/advanced-diploma-of-transpersonal-art-therapy/,2015-08-04
,266808760,1,0,0,0,0,0.00%,0,,,http://courses.alkhemyinstitute.edu.au/advanced-diploma-of-transpersonal-art-therapy/,2015-08-05
,266808760,6,0,0,0,0,0.00%,0,,,http://courses.alkhemyinstitute.edu.au/advanced-diploma-of-transpersonal-art-therapy/,2015-08-06
,266808760,3,0,0,0,0,0.00%,0,,,http://courses.alkhemyinstitute.edu.au/advanced-diploma-of-transpersonal-art-therapy/,2015-08-06
,266808760,53,0,0,0,0,0.00%,0,,,http://courses.alkhemyinstitute.edu.au/advanced-diploma-of-transpersonal-art-therapy/,2015-08-07
,266808760,19,0,0,0,0,0.00%,0,,,http://courses.alkhemyinstitute.edu.au/advanced-diploma-of-transpersonal-art-therapy/,2015-08-07
,266808760,1,0,0,0,0,0.00%,0,,,http://courses.alkhemyinstitute.edu.au/advanced-diploma-of-transpersonal-art-therapy/,2015-08-07
,266808760,2,0,0,0,0,0.00%,0,,,http://courses.alkhemyinstitute.edu.au/advanced-diploma-of-transpersonal-art-therapy/,2015-08-07
,266808760,3,0,0,0,0,0.00%,0,,,http://courses.alkhemyinstitute.edu.au/advanced-diploma-of-transpersonal-art-therapy/,2015-08-07
,266808760,27,0,0,0,0,0.00%,0,,,http://courses.alkhemyinstitute.edu.au/advanced-diploma-of-transpersonal-art-therapy/,2015-08-08
,266808760,31,2,3490000,0,1745000,0.00%,0,,,http://courses.alkhemyinstitute.edu.au/advanced-diploma-of-transpersonal-art-therapy/,2015-08-08
,266808760,63,0,0,0,0,0.00%,0,,,http://courses.alkhemyinstitute.edu.au/advanced-diploma-of-transpersonal-art-therapy/,2015-08-10
,266808760,66,0,0,0,0,0.00%,0,,,http://courses.alkhemyinstitute.edu.au/advanced-diploma-of-transpersonal-art-therapy/,2015-08-10
,266808760,11,0,0,0,0,0.00%,0,,,http://courses.alkhemyinstitute.edu.au/advanced-diploma-of-transpersonal-art-therapy/,2015-08-10
,266808760,1,0,0,0,0,0.00%,0,,,http://courses.alkhemyinstitute.edu.au/advanced-diploma-of-transpersonal-art-therapy/,2015-08-10
,266808760,94,1,1930000,0,1930000,0.00%,0,,,http://courses.alkhemyinstitute.edu.au/advanced-diploma-of-transpersonal-art-therapy/,2015-08-11
,266808760,57,1,1480000,0,1480000,0.00%,0,,,http://courses.alkhemyinstitute.edu.au/advanced-diploma-of-transpersonal-art-therapy/,2015-08-11
,266808760,3,0,0,0,0,0.00%,0,,,http://courses.alkhemyinstitute.edu.au/advanced-diploma-of-transpersonal-art-therapy/,2015-08-11
,266808760,5,0,0,0,0,0.00%,0,,,http://courses.alkhemyinstitute.edu.au/advanced-diploma-of-transpersonal-art-therapy/,2015-08-12
,266808760,2,0,0,0,0,0.00%,0,,,http://courses.alkhemyinstitute.edu.au/advanced-diploma-of-transpersonal-art-therapy/,2015-08-12
,266808760,1,0,0,0,0,0.00%,0,,,http://courses.alkhemyinstitute.edu.au/advanced-diploma-of-transpersonal-art-therapy/,2015-08-12
,266808760,1,0,0,0,0,0.00%,0,,,http://courses.alkhemyinstitute.edu.au/advanced-diploma-of-transpersonal-art-therapy/,2015-08-12
,266809240,50,0,0,0,0,0.00%,0,,,http://courses.alkhemyinstitute.edu.au/advanced-diploma-of-transpersonal-counselling/,2015-08-01
,266809240,91,0,0,0,0,0.00%,0,,,http://courses.alkhemyinstitute.edu.au/advanced-diploma-of-transpersonal-counselling/,2015-08-03
,266809240,48,0,0,0,0,0.00%,0,,,http://courses.alkhemyinstitute.edu.au/advanced-diploma-of-transpersonal-counselling/,2015-08-04
,266809240,83,4,25770000,0,6442500,0.00%,0,,,http://courses.alkhemyinstitute.edu.au/advanced-diploma-of-transpersonal-counselling/,2015-08-04
,266809240,85,1,2100000,0,2100000,0.00%,0,,,http://courses.alkhemyinstitute.edu.au/advanced-diploma-of-transpersonal-counselling/,2015-08-04
,266809240,80,1,6990000,0,6990000,0.00%,0,,,http://courses.alkhemyinstitute.edu.au/advanced-diploma-of-transpersonal-counselling/,2015-08-05
,266809240,40,0,0,0,0,0.00%,0,,,http://courses.alkhemyinstitute.edu.au/advanced-diploma-of-transpersonal-counselling/,2015-08-06
,266809240,70,2,9510000,0,4755000,0.00%,0,,,http://courses.alkhemyinstitute.edu.au/advanced-diploma-of-transpersonal-counselling/,2015-08-06
,266809240,72,0,0,0,0,0.00%,0,,,http://courses.alkhemyinstitute.edu.au/advanced-diploma-of-transpersonal-counselling/,2015-08-07
,266809240,96,0,0,0,0,0.00%,0,,,http://courses.alkhemyinstitute.edu.au/advanced-diploma-of-transpersonal-counselling/,2015-08-07
,266809240,25,0,0,0,0,0.00%,0,,,http://courses.alkhemyinstitute.edu.au/advanced-diploma-of-transpersonal-counselling/,2015-08-08
,266809240,41,0,0,0,0,0.00%,0,,,http://courses.alkhemyinstitute.edu.au/advanced-diploma-of-transpersonal-counselling/,2015-08-09
,266809240,44,2,8990000,0,4495000,0.00%,0,,,http://courses.alkhemyinstitute.edu.au/advanced-diploma-of-transpersonal-counselling/,2015-08-09
,266809240,1,0,0,0,0,0.00%,0,,,http://courses.alkhemyinstitute.edu.au/advanced-diploma-of-transpersonal-counselling/,2015-08-10
,266809240,10,0,0,0,0,0.00%,0,,,http://courses.alkhemyinstitute.edu.au/advanced-diploma-of-transpersonal-counselling/,2015-08-12
,266809240,52,0,0,0,0,0.00%,0,,,http://courses.alkhemyinstitute.edu.au/advanced-diploma-of-transpersonal-counselling/,2015-08-12
,279262360,5,0,0,0,0,0.00%,0,,,http://courses.alkhemyinstitute.edu.au/advanced-diploma-of-transpersonal-art-therapy/,2015-08-02
,279262360,41,0,0,0,0,0.00%,0,,,http://courses.alkhemyinstitute.edu.au/advanced-diploma-of-transpersonal-art-therapy/,2015-08-04
,279262360,5,0,0,0,0,0.00%,0,,,http://courses.alkhemyinstitute.edu.au/advanced-diploma-of-transpersonal-art-therapy/,2015-08-05
,279262360,1,0,0,0,0,0.00%,0,,,http://courses.alkhemyinstitute.edu.au/advanced-diploma-of-transpersonal-art-therapy/,2015-08-05
,279262360,51,0,0,0,0,0.00%,0,,,http://courses.alkhemyinstitute.edu.au/advanced-diploma-of-transpersonal-art-therapy/,2015-08-05
,279262360,2,0,0,0,0,0.00%,0,,,http://courses.alkhemyinstitute.edu.au/advanced-diploma-of-transpersonal-art-therapy/,2015-08-06
,279262360,67,0,0,0,0,0.00%,0,,,http://courses.alkhemyinstitute.edu.au/advanced-diploma-of-transpersonal-art-therapy/,2015-08-06
,279262360,3,0,0,0,0,0.00%,0,,,http://courses.alkhemyinstitute.edu.au/advanced-diploma-of-transpersonal-art-therapy/,2015-08-09
,279262360,9,0,0,0,0,0.00%,0,,,http://courses.alkhemyinstitute.edu.au/advanced-diploma-of-transpersonal-art-therapy/,2015-08-11
,279262840,93,0,0,0,0,0.00%,0,,,http://courses.alkhemyinstitute.edu.au/advanced-diploma-of-transpersonal-counselling/,2015-08-07
,279262840,50,0,0,0,0,0.00%,0,,,http://courses.alkhemyinstitute.edu.au/advanced-diploma-of-transpersonal-counselling/,2015-08-08
,279262840,6,0,0,0,0,0.00%,0,,,http://courses.alkhemyinstitute.edu.au/advanced-diploma-of-transpersonal-counselling/,2015-08-08
,279262840,1,0,0,0,0,0.00%,0,,,http://courses.alkhemyinstitute.edu.au/advanced-diploma-of-transpersonal-counselling/,2015-08-12
,279266320,1,0,0,0,0,0.00%,0,,,http://courses.alkhemyinstitute.edu.au/advanced-diploma-of-transpersonal-counselling/,2015-08-01
,279266320,1,0,0,0,0,0.00%,0,,,http://courses.alkhemyinstitute.edu.au/advanced-diploma-of-transpersonal-counselling/,2015-08-02
,279266320,2,0,0,0,0,0.00%,0,,,http://courses.alkhemyinstitute.edu.au/advanced-diploma-of-transpersonal-counselling/,2015-08-07
,279266320,2,0,0,0,0,0.00%,0,,,http://courses.alkhemyinstitute.edu.au/advanced-diploma-of-transpersonal-counselling/,2015-08-08
,279266320,1,0,0,0,0,0.00%,0,,,http://courses.alkhemyinstitute.edu.au/advanced-diploma-of-transpersonal-counselling/,2015-08-09
,279279160,2,0,0,0,0,0.00%,0,,,http://courses.alkhemyinstitute.edu.au/advanced-diploma-of-transpersonal-art-therapy/,2015-08-02
,279279160,7,0,0,0,0,0.00%,0,,,http://courses.alkhemyinstitute.edu.au/advanced-diploma-of-transpersonal-art-therapy/,2015-08-03
,279279160,2,0,0,0,0,0.00%,0,,,http://courses.alkhemyinstitute.edu.au/advanced-diploma-of-transpersonal-art-therapy/,2015-08-03
,279279160,1,0,0,0,0,0.00%,0,,,http://courses.alkhemyinstitute.edu.au/advanced-diploma-of-transpersonal-art-therapy/,2015-08-09
,243061000,12,1,3990000,0,3990000,0.00%,0,,,http://courses.alkhemyinstitute.edu.au/bachelor-of-holistic-counselling/,2015-08-01
,243061000,160,4,15910000,15910000,3977500,25.00%,1,,,http://courses.alkhemyinstitute.edu.au/advanced-diploma-of-transpersonal-art-therapy/,2015-08-03
,243061000,13,0,0,0,0,0.00%,0,,,http://courses.alkhemyinstitute.edu.au/bachelor-of-holistic-counselling/,2015-08-04
,243061000,8,0,0,0,0,0.00%,0,,,http://courses.alkhemyinstitute.edu.au/bachelor-of-holistic-counselling/,2015-08-06
,243061000,209,5,19600000,0,3920000,0.00%,0,,,http://courses.alkhemyinstitute.edu.au/advanced-diploma-of-transpersonal-art-therapy/,2015-08-07
,243061000,233,2,9390000,0,4695000,0.00%,0,,,http://courses.alkhemyinstitute.edu.au/advanced-diploma-of-transpersonal-art-therapy/,2015-08-09
,243061000,217,4,25690000,0,6422500,0.00%,0,,,http://courses.alkhemyinstitute.edu.au/advanced-diploma-of-transpersonal-art-therapy/,2015-08-11
,243061000,84,1,5390000,0,5390000,0.00%,0,,,http://courses.alkhemyinstitute.edu.au/advanced-diploma-of-transpersonal-art-therapy/,2015-08-12
,266808760,15,1,1320000,0,1320000,0.00%,0,,,http://courses.alkhemyinstitute.edu.au/advanced-diploma-of-transpersonal-art-therapy/,2015-08-01
,266808760,18,2,3660000,0,1830000,0.00%,0,,,http://courses.alkhemyinstitute.edu.au/advanced-diploma-of-transpersonal-art-therapy/,2015-08-02
,243061000,76,0,0,0,0,0.00%,0,,,http://courses.alkhemyinstitute.edu.au/advanced-diploma-of-transpersonal-art-therapy/,2015-08-02
,243061000,2,0,0,0,0,0.00%,0,,,http://courses.alkhemyinstitute.edu.au/bachelor-of-holistic-counselling/,2015-08-02
,243061000,173,6,26090000,0,4348333,0.00%,0,,,http://courses.alkhemyinstitute.edu.au/advanced-diploma-of-transpersonal-art-therapy/,2015-08-03
,243061000,138,3,16000000,0,5333333,0.00%,0,,,http://courses.alkhemyinstitute.edu.au/advanced-diploma-of-transpersonal-art-therapy/,2015-08-04
,243061000,51,1,8780000,0,8780000,0.00%,0,,,http://courses.alkhemyinstitute.edu.au/advanced-diploma-of-transpersonal-art-therapy/,2015-08-04
,243061000,57,0,0,0,0,0.00%,0,,,http://courses.alkhemyinstitute.edu.au/bachelor-of-holistic-counselling/,2015-08-05
,243061000,21,1,2780000,0,2780000,0.00%,0,,,http://courses.alkhemyinstitute.edu.au/bachelor-of-holistic-counselling/,2015-08-06
,243061000,3,0,0,0,0,0.00%,0,,,http://courses.alkhemyinstitute.edu.au/bachelor-of-holistic-counselling/,2015-08-07
,243061000,256,5,27310000,0,5462000,0.00%,0,,,http://courses.alkhemyinstitute.edu.au/advanced-diploma-of-transpersonal-art-therapy/,2015-08-08
,243061000,310,4,18640000,0,4660000,0.00%,0,,,http://courses.alkhemyinstitute.edu.au/advanced-diploma-of-transpersonal-art-therapy/,2015-08-09
,243061000,191,2,11250000,0,5625000,0.00%,0,,,http://courses.alkhemyinstitute.edu.au/bachelor-of-holistic-counselling/,2015-08-09
,243061000,17,0,0,0,0,0.00%,0,,,http://courses.alkhemyinstitute.edu.au/bachelor-of-holistic-counselling/,2015-08-09
,243061000,63,0,0,0,0,0.00%,0,,,http://courses.alkhemyinstitute.edu.au/advanced-diploma-of-transpersonal-art-therapy/,2015-08-10
,243061000,79,1,6270000,0,6270000,0.00%,0,,,http://courses.alkhemyinstitute.edu.au/advanced-diploma-of-transpersonal-art-therapy/,2015-08-11
,266808760,21,1,2980000,0,2980000,0.00%,0,,,http://courses.alkhemyinstitute.edu.au/advanced-diploma-of-transpersonal-art-therapy/,2015-08-01
,266808760,35,4,5510000,0,1377500,0.00%,0,,,http://courses.alkhemyinstitute.edu.au/advanced-diploma-of-transpersonal-art-therapy/,2015-08-01
,266808760,1,0,0,0,0,0.00%,0,,,http://courses.alkhemyinstitute.edu.au/advanced-diploma-of-transpersonal-art-therapy/,2015-08-01
,266808760,19,0,0,0,0,0.00%,0,,,http://courses.alkhemyinstitute.edu.au/advanced-diploma-of-transpersonal-art-therapy/,2015-08-02
,266808760,1,0,0,0,0,0.00%,0,,,http://courses.alkhemyinstitute.edu.au/advanced-diploma-of-transpersonal-art-therapy/,2015-08-03
,266808760,60,7,8520000,4260000,1217143,28.57%,2,,,http://courses.alkhemyinstitute.edu.au/advanced-diploma-of-transpersonal-art-therapy/,2015-08-04
,266808760,6,0,0,0,0,0.00%,0,,,http://courses.alkhemyinstitute.edu.au/advanced-diploma-of-transpersonal-art-therapy/,2015-08-04
,266808760,29,0,0,0,0,0.00%,0,,,http://courses.alkhemyinstitute.edu.au/advanced-diploma-of-transpersonal-art-therapy/,2015-08-05
,266808760,64,9,11050000,3683333,1227778,33.33%,3,,,http://courses.alkhemyinstitute.edu.au/advanced-diploma-of-transpersonal-art-therapy/,2015-08-05
,266808760,7,0,0,0,0,0.00%,0,,,http://courses.alkhemyinstitute.edu.au/advanced-diploma-of-transpersonal-art-therapy/,2015-08-05
,266808760,53,8,11910000,0,1488750,0.00%,0,,,http://courses.alkhemyinstitute.edu.au/advanced-diploma-of-transpersonal-art-therapy/,2015-08-06
,266808760,1,0,0,0,0,0.00%,0,,,http://courses.alkhemyinstitute.edu.au/advanced-diploma-of-transpersonal-art-therapy/,2015-08-06
,266808760,31,1,1580000,0,1580000,0.00%,0,,,http://courses.alkhemyinstitute.edu.au/advanced-diploma-of-transpersonal-art-therapy/,2015-08-08
,266808760,40,0,0,0,0,0.00%,0,,,http://courses.alkhemyinstitute.edu.au/advanced-diploma-of-transpersonal-art-therapy/,2015-08-09
,266808760,3,0,0,0,0,0.00%,0,,,http://courses.alkhemyinstitute.edu.au/advanced-diploma-of-transpersonal-art-therapy/,2015-08-09
,266808760,1,0,0,0,0,0.00%,0,,,http://courses.alkhemyinstitute.edu.au/advanced-diploma-of-transpersonal-art-therapy/,2015-08-09
,266808760,34,0,0,0,0,0.00%,0,,,http://courses.alkhemyinstitute.edu.au/advanced-diploma-of-transpersonal-art-therapy/,2015-08-10
,266808760,1,0,0,0,0,0.00%,0,,,http://courses.alkhemyinstitute.edu.au/advanced-diploma-of-transpersonal-art-therapy/,2015-08-11
,266808760,7,1,1520000,0,1520000,0.00%,0,,,http://courses.alkhemyinstitute.edu.au/advanced-diploma-of-transpersonal-art-therapy/,2015-08-11
,266808760,10,0,0,0,0,0.00%,0,,,http://courses.alkhemyinstitute.edu.au/advanced-diploma-of-transpersonal-art-therapy/,2015-08-12
,266808760,40,2,2580000,0,1290000,0.00%,0,,,http://courses.alkhemyinstitute.edu.au/advanced-diploma-of-transpersonal-art-therapy/,2015-08-12
,266809240,5,0,0,0,0,0.00%,0,,,http://courses.alkhemyinstitute.edu.au/advanced-diploma-of-transpersonal-counselling/,2015-08-04
,266809240,1,0,0,0,0,0.00%,0,,,http://courses.alkhemyinstitute.edu.au/advanced-diploma-of-transpersonal-counselling/,2015-08-04
,266809240,1,0,0,0,0,0.00%,0,,,http://courses.alkhemyinstitute.edu.au/advanced-diploma-of-transpersonal-counselling/,2015-08-04
,266809240,1,0,0,0,0,0.00%,0,,,http://courses.alkhemyinstitute.edu.au/advanced-diploma-of-transpersonal-counselling/,2015-08-08
,266809240,4,0,0,0,0,0.00%,0,,,http://courses.alkhemyinstitute.edu.au/advanced-diploma-of-transpersonal-counselling/,2015-08-11
,279262360,1,0,0,0,0,0.00%,0,,,http://courses.alkhemyinstitute.edu.au/advanced-diploma-of-transpersonal-art-therapy/,2015-08-03
,279262360,1,0,0,0,0,0.00%,0,,,http://courses.alkhemyinstitute.edu.au/advanced-diploma-of-transpersonal-art-therapy/,2015-08-03
,279262360,1,0,0,0,0,0.00%,0,,,http://courses.alkhemyinstitute.edu.au/advanced-diploma-of-transpersonal-art-therapy/,2015-08-04
,279262360,1,0,0,0,0,0.00%,0,,,http://courses.alkhemyinstitute.edu.au/advanced-diploma-of-transpersonal-art-therapy/,2015-08-05
,279262360,25,1,770000,0,770000,0.00%,0,,,http://courses.alkhemyinstitute.edu.au/advanced-diploma-of-transpersonal-art-therapy/,2015-08-05
,279262360,2,0,0,0,0,0.00%,0,,,http://courses.alkhemyinstitute.edu.au/advanced-diploma-of-transpersonal-art-therapy/,2015-08-05
,279262360,2,0,0,0,0,0.00%,0,,,http://courses.alkhemyinstitute.edu.au/advanced-diploma-of-transpersonal-art-therapy/,2015-08-08
,279262360,1,0,0,0,0,0.00%,0,,,http://courses.alkhemyinstitute.edu.au/advanced-diploma-of-transpersonal-art-therapy/,2015-08-09
,279262360,1,0,0,0,0,0.00%,0,,,http://courses.alkhemyinstitute.edu.au/advanced-diploma-of-transpersonal-art-therapy/,2015-08-11
,279262840,2,0,0,0,0,0.00%,0,,,http://courses.alkhemyinstitute.edu.au/advanced-diploma-of-transpersonal-counselling/,2015-08-01
,279262840,1,0,0,0,0,0.00%,0,,,http://courses.alkhemyinstitute.edu.au/advanced-diploma-of-transpersonal-counselling/,2015-08-01
,279262840,1,0,0,0,0,0.00%,0,,,http://courses.alkhemyinstitute.edu.au/advanced-diploma-of-transpersonal-counselling/,2015-08-02
,279262840,21,2,12900000,0,6450000,0.00%,0,,,http://courses.alkhemyinstitute.edu.au/advanced-diploma-of-transpersonal-counselling/,2015-08-02
,279262840,2,0,0,0,0,0.00%,0,,,http://courses.alkhemyinstitute.edu.au/advanced-diploma-of-transpersonal-counselling/,2015-08-02
,279262840,1,0,0,0,0,0.00%,0,,,http://courses.alkhemyinstitute.edu.au/advanced-diploma-of-transpersonal-counselling/,2015-08-02
,279262840,5,0,0,0,0,0.00%,0,,,http://courses.alkhemyinstitute.edu.au/advanced-diploma-of-transpersonal-counselling/,2015-08-03
,279262840,4,0,0,0,0,0.00%,0,,,http://courses.alkhemyinstitute.edu.au/advanced-diploma-of-transpersonal-counselling/,2015-08-03
,279262840,6,1,3700000,0,3700000,0.00%,0,,,http://courses.alkhemyinstitute.edu.au/advanced-diploma-of-transpersonal-counselling/,2015-08-04
,279262840,12,0,0,0,0,0.00%,0,,,http://courses.alkhemyinstitute.edu.au/advanced-diploma-of-transpersonal-counselling/,2015-08-05
,279262840,114,1,13630000,0,13630000,0.00%,0,,,http://courses.alkhemyinstitute.edu.au/advanced-diploma-of-transpersonal-counselling/,2015-08-06
,279262840,1,0,0,0,0,0.00%,0,,,http://courses.alkhemyinstitute.edu.au/advanced-diploma-of-transpersonal-counselling/,2015-08-07
,279262840,17,0,0,0,0,0.00%,0,,,http://courses.alkhemyinstitute.edu.au/advanced-diploma-of-transpersonal-counselling/,2015-08-07
,279262840,134,2,22570000,22570000,11285000,50.00%,1,,,http://courses.alkhemyinstitute.edu.au/advanced-diploma-of-transpersonal-counselling/,2015-08-08
,279262840,1,0,0,0,0,0.00%,0,,,http://courses.alkhemyinstitute.edu.au/advanced-diploma-of-transpersonal-counselling/,2015-08-08
,279262840,80,1,13360000,0,13360000,0.00%,0,,,http://courses.alkhemyinstitute.edu.au/advanced-diploma-of-transpersonal-counselling/,2015-08-09
,279262840,3,1,10570000,0,10570000,0.00%,0,,,http://courses.alkhemyinstitute.edu.au/advanced-diploma-of-transpersonal-counselling/,2015-08-09
,279262840,30,2,18470000,0,9235000,0.00%,0,,,http://courses.alkhemyinstitute.edu.au/advanced-diploma-of-transpersonal-counselling/,2015-08-10
,279262840,1,0,0,0,0,0.00%,0,,,http://courses.alkhemyinstitute.edu.au/advanced-diploma-of-transpersonal-counselling/,2015-08-10
,279262840,10,0,0,0,0,0.00%,0,,,http://courses.alkhemyinstitute.edu.au/advanced-diploma-of-transpersonal-counselling/,2015-08-11
,279262840,5,0,0,0,0,0.00%,0,,,http://courses.alkhemyinstitute.edu.au/advanced-diploma-of-transpersonal-counselling/,2015-08-11
,279262840,11,1,9990000,0,9990000,0.00%,0,,,http://courses.alkhemyinstitute.edu.au/advanced-diploma-of-transpersonal-counselling/,2015-08-11
,279262840,46,0,0,0,0,0.00%,0,,,http://courses.alkhemyinstitute.edu.au/advanced-diploma-of-transpersonal-counselling/,2015-08-12
,279262840,4,1,7660000,0,7660000,0.00%,0,,,http://courses.alkhemyinstitute.edu.au/advanced-diploma-of-transpersonal-counselling/,2015-08-12
,279266320,2,0,0,0,0,0.00%,0,,,http://courses.alkhemyinstitute.edu.au/advanced-diploma-of-transpersonal-counselling/,2015-08-08
,279266320,1,0,0,0,0,0.00%,0,,,http://courses.alkhemyinstitute.edu.au/advanced-diploma-of-transpersonal-counselling/,2015-08-09
,279279160,4,0,0,0,0,0.00%,0,,,http://courses.alkhemyinstitute.edu.au/advanced-diploma-of-transpersonal-art-therapy/,2015-08-09
,243061000,260,2,8820000,0,4410000,0.00%,0,,,http://courses.alkhemyinstitute.edu.au/advanced-diploma-of-transpersonal-art-therapy/,2015-08-01
,243061000,39,2,11350000,0,5675000,0.00%,0,,,http://courses.alkhemyinstitute.edu.au/advanced-diploma-of-transpersonal-art-therapy/,2015-08-01
,243061000,13,0,0,0,0,0.00%,0,,,http://courses.alkhemyinstitute.edu.au/bachelor-of-holistic-counselling/,2015-08-01
,243061000,280,7,30900000,15450000,4414286,28.57%,2,,,http://courses.alkhemyinstitute.edu.au/advanced-diploma-of-transpersonal-art-therapy/,2015-08-02
,243061000,26,0,0,0,0,0.00%,0,,,http://courses.alkhemyinstitute.edu.au/advanced-diploma-of-transpersonal-art-therapy/,2015-08-02
,243061000,427,3,9980000,9980000,3326667,33.33%,1,,,http://courses.alkhemyinstitute.edu.au/advanced-diploma-of-transpersonal-art-therapy/,2015-08-03
,243061000,18,0,0,0,0,0.00%,0,,,http://courses.alkhemyinstitute.edu.au/bachelor-of-holistic-counselling/,2015-08-07
,243061000,26,0,0,0,0,0.00%,0,,,http://courses.alkhemyinstitute.edu.au/bachelor-of-holistic-counselling/,2015-08-08
,243061000,30,0,0,0,0,0.00%,0,,,http://courses.alkhemyinstitute.edu.au/bachelor-of-holistic-counselling/,2015-08-09
,243061000,206,2,12070000,0,6035000,0.00%,0,,,http://courses.alkhemyinstitute.edu.au/advanced-diploma-of-transpersonal-art-therapy/,2015-08-10
,243061000,28,1,5710000,0,5710000,0.00%,0,,,http://courses.alkhemyinstitute.edu.au/bachelor-of-holistic-counselling/,2015-08-10
,266808760,16,1,1730000,0,1730000,0.00%,0,,,http://courses.alkhemyinstitute.edu.au/advanced-diploma-of-transpersonal-art-therapy/,2015-08-01
,266808760,2,0,0,0,0,0.00%,0,,,http://courses.alkhemyinstitute.edu.au/advanced-diploma-of-transpersonal-art-therapy/,2015-08-01
,266808760,16,0,0,0,0,0.00%,0,,,http://courses.alkhemyinstitute.edu.au/advanced-diploma-of-transpersonal-art-therapy/,2015-08-02
,266808760,3,0,0,0,0,0.00%,0,,,http://courses.alkhemyinstitute.edu.au/advanced-diploma-of-transpersonal-art-therapy/,2015-08-02
,266808760,46,1,3260000,0,3260000,0.00%,0,,,http://courses.alkhemyinstitute.edu.au/advanced-diploma-of-transpersonal-art-therapy/,2015-08-03
,266808760,3,0,0,0,0,0.00%,0,,,http://courses.alkhemyinstitute.edu.au/advanced-diploma-of-transpersonal-art-therapy/,2015-08-03
,266808760,5,1,5050000,0,5050000,0.00%,0,,,http://courses.alkhemyinstitute.edu.au/advanced-diploma-of-transpersonal-art-therapy/,2015-08-04
,266808760,1,0,0,0,0,0.00%,0,,,http://courses.alkhemyinstitute.edu.au/advanced-diploma-of-transpersonal-art-therapy/,2015-08-04
,266808760,1,0,0,0,0,0.00%,0,,,http://courses.alkhemyinstitute.edu.au/advanced-diploma-of-transpersonal-art-therapy/,2015-08-05
,266808760,53,1,1410000,0,1410000,0.00%,0,,,http://courses.alkhemyinstitute.edu.au/advanced-diploma-of-transpersonal-art-therapy/,2015-08-06
,266808760,22,0,0,0,0,0.00%,0,,,http://courses.alkhemyinstitute.edu.au/advanced-diploma-of-transpersonal-art-therapy/,2015-08-06
,266808760,4,0,0,0,0,0.00%,0,,,http://courses.alkhemyinstitute.edu.au/advanced-diploma-of-transpersonal-art-therapy/,2015-08-06
,266808760,42,0,0,0,0,0.00%,0,,,http://courses.alkhemyinstitute.edu.au/advanced-diploma-of-transpersonal-art-therapy/,2015-08-07
,266808760,4,0,0,0,0,0.00%,0,,,http://courses.alkhemyinstitute.edu.au/advanced-diploma-of-transpersonal-art-therapy/,2015-08-07
,266808760,1,0,0,0,0,0.00%,0,,,http://courses.alkhemyinstitute.edu.au/advanced-diploma-of-transpersonal-art-therapy/,2015-08-07
,266808760,4,0,0,0,0,0.00%,0,,,http://courses.alkhemyinstitute.edu.au/advanced-diploma-of-transpersonal-art-therapy/,2015-08-10
,266808760,5,0,0,0,0,0.00%,0,,,http://courses.alkhemyinstitute.edu.au/advanced-diploma-of-transpersonal-art-therapy/,2015-08-10
,266808760,27,3,3980000,0,1326667,0.00%,0,,,http://courses.alkhemyinstitute.edu.au/advanced-diploma-of-transpersonal-art-therapy/,2015-08-12
,266809240,29,0,0,0,0,0.00%,0,,,http://courses.alkhemyinstitute.edu.au/advanced-diploma-of-transpersonal-counselling/,2015-08-02
,266809240,3,0,0,0,0,0.00%,0,,,http://courses.alkhemyinstitute.edu.au/advanced-diploma-of-transpersonal-counselling/,2015-08-02
,266809240,1,0,0,0,0,0.00%,0,,,http://courses.alkhemyinstitute.edu.au/advanced-diploma-of-transpersonal-counselling/,2015-08-02
,266809240,92,0,0,0,0,0.00%,0,,,http://courses.alkhemyinstitute.edu.au/advanced-diploma-of-transpersonal-counselling/,2015-08-03
,266809240,60,1,4320000,0,4320000,0.00%,0,,,http://courses.alkhemyinstitute.edu.au/advanced-diploma-of-transpersonal-counselling/,2015-08-04
,266809240,36,1,5940000,0,5940000,0.00%,0,,,http://courses.alkhemyinstitute.edu.au/advanced-diploma-of-transpersonal-counselling/,2015-08-05
,266809240,75,1,3860000,0,3860000,0.00%,0,,,http://courses.alkhemyinstitute.edu.au/advanced-diploma-of-transpersonal-counselling/,2015-08-05
,266809240,62,0,0,0,0,0.00%,0,,,http://courses.alkhemyinstitute.edu.au/advanced-diploma-of-transpersonal-counselling/,2015-08-06
,266809240,17,0,0,0,0,0.00%,0,,,http://courses.alkhemyinstitute.edu.au/advanced-diploma-of-transpersonal-counselling/,2015-08-09
,266809240,128,2,4700000,0,2350000,0.00%,0,,,http://courses.alkhemyinstitute.edu.au/advanced-diploma-of-transpersonal-counselling/,2015-08-11
,279262360,8,0,0,0,0,0.00%,0,,,http://courses.alkhemyinstitute.edu.au/advanced-diploma-of-transpersonal-art-therapy/,2015-08-01
,279262360,1,0,0,0,0,0.00%,0,,,http://courses.alkhemyinstitute.edu.au/advanced-diploma-of-transpersonal-art-therapy/,2015-08-04
,279262360,11,0,0,0,0,0.00%,0,,,http://courses.alkhemyinstitute.edu.au/advanced-diploma-of-transpersonal-art-therapy/,2015-08-07
,279262360,4,0,0,0,0,0.00%,0,,,http://courses.alkhemyinstitute.edu.au/advanced-diploma-of-transpersonal-art-therapy/,2015-08-07
,279262360,4,0,0,0,0,0.00%,0,,,http://courses.alkhemyinstitute.edu.au/advanced-diploma-of-transpersonal-art-therapy/,2015-08-08
,279262840,12,0,0,0,0,0.00%,0,,,http://courses.alkhemyinstitute.edu.au/advanced-diploma-of-transpersonal-counselling/,2015-08-01
,279262840,2,0,0,0,0,0.00%,0,,,http://courses.alkhemyinstitute.edu.au/advanced-diploma-of-transpersonal-counselling/,2015-08-01
,279262840,9,0,0,0,0,0.00%,0,,,http://courses.alkhemyinstitute.edu.au/advanced-diploma-of-transpersonal-counselling/,2015-08-02
,279262840,27,0,0,0,0,0.00%,0,,,http://courses.alkhemyinstitute.edu.au/advanced-diploma-of-transpersonal-counselling/,2015-08-04
,279262840,1,0,0,0,0,0.00%,0,,,http://courses.alkhemyinstitute.edu.au/advanced-diploma-of-transpersonal-counselling/,2015-08-07
,279262840,2,0,0,0,0,0.00%,0,,,http://courses.alkhemyinstitute.edu.au/advanced-diploma-of-transpersonal-counselling/,2015-08-09
,279266320,1,0,0,0,0,0.00%,0,,,http://courses.alkhemyinstitute.edu.au/advanced-diploma-of-transpersonal-counselling/,2015-08-05
,279266320,2,0,0,0,0,0.00%,0,,,http://courses.alkhemyinstitute.edu.au/advanced-diploma-of-transpersonal-counselling/,2015-08-06
,279266320,4,0,0,0,0,0.00%,0,,,http://courses.alkhemyinstitute.edu.au/advanced-diploma-of-transpersonal-counselling/,2015-08-10
,279266320,1,0,0,0,0,0.00%,0,,,http://courses.alkhemyinstitute.edu.au/advanced-diploma-of-transpersonal-counselling/,2015-08-11
,243061000,118,3,9950000,9950000,3316667,33.33%,1,,,http://courses.alkhemyinstitute.edu.au/advanced-diploma-of-transpersonal-art-therapy/,2015-08-01
,243061000,23,0,0,0,0,0.00%,0,,,http://courses.alkhemyinstitute.edu.au/bachelor-of-holistic-counselling/,2015-08-02
,243061000,178,1,2690000,0,2690000,0.00%,0,,,http://courses.alkhemyinstitute.edu.au/advanced-diploma-of-transpersonal-art-therapy/,2015-08-05
,243061000,147,3,14390000,14390000,4796667,33.33%,1,,,http://courses.alkhemyinstitute.edu.au/advanced-diploma-of-transpersonal-art-therapy/,2015-08-08
,243061000,22,0,0,0,0,0.00%,0,,,http://courses.alkhemyinstitute.edu.au/bachelor-of-holistic-counselling/,2015-08-11
,266808760,1,1,3800000,0,3800000,0.00%,0,,,http://courses.alkhemyinstitute.edu.au/advanced-diploma-of-transpersonal-art-therapy/,2015-08-01
,266808760,19,0,0,0,0,0.00%,0,,,http://courses.alkhemyinstitute.edu.au/advanced-diploma-of-transpersonal-art-therapy/,2015-08-02
,266808760,44,1,2040000,0,2040000,0.00%,0,,,http://courses.alkhemyinstitute.edu.au/advanced-diploma-of-transpersonal-art-therapy/,2015-08-03
,266808760,8,0,0,0,0,0.00%,0,,,http://courses.alkhemyinstitute.edu.au/advanced-diploma-of-transpersonal-art-therapy/,2015-08-03
,266808760,3,0,0,0,0,0.00%,0,,,http://courses.alkhemyinstitute.edu.au/advanced-diploma-of-transpersonal-art-therapy/,2015-08-03
,266808760,6,0,0,0,0,0.00%,0,,,http://courses.alkhemyinstitute.edu.au/advanced-diploma-of-transpersonal-art-therapy/,2015-08-04
,266808760,5,0,0,0,0,0.00%,0,,,http://courses.alkhemyinstitute.edu.au/advanced-diploma-of-transpersonal-art-therapy/,2015-08-04
,266808760,1,0,0,0,0,0.00%,0,,,http://courses.alkhemyinstitute.edu.au/advanced-diploma-of-transpersonal-art-therapy/,2015-08-04
,266808760,50,2,3120000,0,1560000,0.00%,0,,,http://courses.alkhemyinstitute.edu.au/advanced-diploma-of-transpersonal-art-therapy/,2015-08-05
,266808760,22,5,7630000,0,1526000,0.00%,0,,,http://courses.alkhemyinstitute.edu.au/advanced-diploma-of-transpersonal-art-therapy/,2015-08-05
,266808760,2,2,1680000,0,840000,0.00%,0,,,http://courses.alkhemyinstitute.edu.au/advanced-diploma-of-transpersonal-art-therapy/,2015-08-06
,266808760,21,2,3320000,0,1660000,0.00%,0,,,http://courses.alkhemyinstitute.edu.au/advanced-diploma-of-transpersonal-art-therapy/,2015-08-07
,266808760,4,0,0,0,0,0.00%,0,,,http://courses.alkhemyinstitute.edu.au/advanced-diploma-of-transpersonal-art-therapy/,2015-08-07
,266808760,38,0,0,0,0,0.00%,0,,,http://courses.alkhemyinstitute.edu.au/advanced-diploma-of-transpersonal-art-therapy/,2015-08-08
,266808760,2,0,0,0,0,0.00%,0,,,http://courses.alkhemyinstitute.edu.au/advanced-diploma-of-transpersonal-art-therapy/,2015-08-08
,266808760,44,2,4250000,0,2125000,0.00%,0,,,http://courses.alkhemyinstitute.edu.au/advanced-diploma-of-transpersonal-art-therapy/,2015-08-09
,266808760,20,2,3830000,0,1915000,0.00%,0,,,http://courses.alkhemyinstitute.edu.au/advanced-diploma-of-transpersonal-art-therapy/,2015-08-09
,266808760,16,3,4080000,4080000,1360000,33.33%,1,,,http://courses.alkhemyinstitute.edu.au/advanced-diploma-of-transpersonal-art-therapy/,2015-08-10
,266808760,3,0,0,0,0,0.00%,0,,,http://courses.alkhemyinstitute.edu.au/advanced-diploma-of-transpersonal-art-therapy/,2015-08-11
,266808760,3,0,0,0,0,0.00%,0,,,http://courses.alkhemyinstitute.edu.au/advanced-diploma-of-transpersonal-art-therapy/,2015-08-11
,266808760,1,0,0,0,0,0.00%,0,,,http://courses.alkhemyinstitute.edu.au/advanced-diploma-of-transpersonal-art-therapy/,2015-08-11
,266808760,1,0,0,0,0,0.00%,0,,,http://courses.alkhemyinstitute.edu.au/advanced-diploma-of-transpersonal-art-therapy/,2015-08-12
,266809240,32,0,0,0,0,0.00%,0,,,http://courses.alkhemyinstitute.edu.au/advanced-diploma-of-transpersonal-counselling/,2015-08-01
,266809240,48,1,1740000,0,1740000,0.00%,0,,,http://courses.alkhemyinstitute.edu.au/advanced-diploma-of-transpersonal-counselling/,2015-08-02
,266809240,53,2,9170000,0,4585000,0.00%,0,,,http://courses.alkhemyinstitute.edu.au/advanced-diploma-of-transpersonal-counselling/,2015-08-03
,266809240,1,0,0,0,0,0.00%,0,,,http://courses.alkhemyinstitute.edu.au/advanced-diploma-of-transpersonal-counselling/,2015-08-07
,266809240,36,0,0,0,0,0.00%,0,,,http://courses.alkhemyinstitute.edu.au/advanced-diploma-of-transpersonal-counselling/,2015-08-08
,266809240,44,0,0,0,0,0.00%,0,,,http://courses.alkhemyinstitute.edu.au/advanced-diploma-of-transpersonal-counselling/,2015-08-10
,266809240,130,2,3710000,0,1855000,0.00%,0,,,http://courses.alkhemyinstitute.edu.au/advanced-diploma-of-transpersonal-counselling/,2015-08-10
,243061000,4,0,0,0,0,0.00%,0,,,http://courses.alkhemyinstitute.edu.au/bachelor-of-holistic-counselling/,2015-08-04
,243061000,38,0,0,0,0,0.00%,0,,,http://courses.alkhemyinstitute.edu.au/bachelor-of-holistic-counselling/,2015-08-04
,243061000,360,5,23800000,0,4760000,0.00%,0,,,http://courses.alkhemyinstitute.edu.au/advanced-diploma-of-transpersonal-art-therapy/,2015-08-05
,243061000,60,1,4810000,0,4810000,0.00%,0,,,http://courses.alkhemyinstitute.edu.au/advanced-diploma-of-transpersonal-art-therapy/,2015-08-05
,243061000,26,0,0,0,0,0.00%,0,,,http://courses.alkhemyinstitute.edu.au/bachelor-of-holistic-counselling/,2015-08-05
,243061000,57,0,0,0,0,0.00%,0,,,http://courses.alkhemyinstitute.edu.au/advanced-diploma-of-transpersonal-art-therapy/,2015-08-06
,243061000,413,4,25280000,12640000,6320000,50.00%,2,,,http://courses.alkhemyinstitute.edu.au/advanced-diploma-of-transpersonal-art-therapy/,2015-08-07
,243061000,127,1,5580000,0,5580000,0.00%,0,,,http://courses.alkhemyinstitute.edu.au/advanced-diploma-of-transpersonal-art-therapy/,2015-08-07
,243061000,37,3,5350000,0,1783333,0.00%,0,,,http://courses.alkhemyinstitute.edu.au/bachelor-of-holistic-counselling/,2015-08-07
,243061000,19,0,0,0,0,0.00%,0,,,http://courses.alkhemyinstitute.edu.au/advanced-diploma-of-transpersonal-art-therapy/,2015-08-08
,243061000,105,1,5410000,0,5410000,0.00%,0,,,http://courses.alkhemyinstitute.edu.au/advanced-diploma-of-transpersonal-art-therapy/,2015-08-09
,243061000,525,2,7560000,7560000,3780000,50.00%,1,,,http://courses.alkhemyinstitute.edu.au/advanced-diploma-of-transpersonal-art-therapy/,2015-08-10
,243061000,341,0,0,0,0,0.00%,0,,,http://courses.alkhemyinstitute.edu.au/bachelor-of-holistic-counselling/,2015-08-10
,243061000,5,0,0,0,0,0.00%,0,,,http://courses.alkhemyinstitute.edu.au/bachelor-of-holistic-counselling/,2015-08-10
,243061000,6,0,0,0,0,0.00%,0,,,http://courses.alkhemyinstitute.edu.au/bachelor-of-holistic-counselling/,2015-08-11
,243061000,220,2,8270000,0,4135000,0.00%,0,,,http://courses.alkhemyinstitute.edu.au/advanced-diploma-of-transpersonal-art-therapy/,2015-08-12
,243061000,14,0,0,0,0,0.00%,0,,,http://courses.alkhemyinstitute.edu.au/bachelor-of-holistic-counselling/,2015-08-12
,266808760,4,0,0,0,0,0.00%,0,,,http://courses.alkhemyinstitute.edu.au/advanced-diploma-of-transpersonal-art-therapy/,2015-08-01
,266808760,1,0,0,0,0,0.00%,0,,,http://courses.alkhemyinstitute.edu.au/advanced-diploma-of-transpersonal-art-therapy/,2015-08-02
,266808760,39,0,0,0,0,0.00%,0,,,http://courses.alkhemyinstitute.edu.au/advanced-diploma-of-transpersonal-art-therapy/,2015-08-03
,266808760,21,0,0,0,0,0.00%,0,,,http://courses.alkhemyinstitute.edu.au/advanced-diploma-of-transpersonal-art-therapy/,2015-08-08
,266808760,2,0,0,0,0,0.00%,0,,,http://courses.alkhemyinstitute.edu.au/advanced-diploma-of-transpersonal-art-therapy/,2015-08-08
,266808760,30,0,0,0,0,0.00%,0,,,http://courses.alkhemyinstitute.edu.au/advanced-diploma-of-transpersonal-art-therapy/,2015-08-11
,266808760,1,0,0,0,0,0.00%,0,,,http://courses.alkhemyinstitute.edu.au/advanced-diploma-of-transpersonal-art-therapy/,2015-08-12
,266808760,4,0,0,0,0,0.00%,0,,,http://courses.alkhemyinstitute.edu.au/advanced-diploma-of-transpersonal-art-therapy/,2015-08-12
,266808760,1,0,0,0,0,0.00%,0,,,http://courses.alkhemyinstitute.edu.au/advanced-diploma-of-transpersonal-art-therapy/,2015-08-12
,266809240,3,0,0,0,0,0.00%,0,,,http://courses.alkhemyinstitute.edu.au/advanced-diploma-of-transpersonal-counselling/,2015-08-01
,266809240,25,0,0,0,0,0.00%,0,,,http://courses.alkhemyinstitute.edu.au/advanced-diploma-of-transpersonal-counselling/,2015-08-09
,266809240,36,0,0,0,0,0.00%,0,,,http://courses.alkhemyinstitute.edu.au/advanced-diploma-of-transpersonal-counselling/,2015-08-10
,266809240,10,0,0,0,0,0.00%,0,,,http://courses.alkhemyinstitute.edu.au/advanced-diploma-of-transpersonal-counselling/,2015-08-12
,279262360,31,0,0,0,0,0.00%,0,,,http://courses.alkhemyinstitute.edu.au/advanced-diploma-of-transpersonal-art-therapy/,2015-08-03
,279262360,365,0,0,0,0,0.00%,0,,,http://courses.alkhemyinstitute.edu.au/advanced-diploma-of-transpersonal-art-therapy/,2015-08-06
,279262360,1,0,0,0,0,0.00%,0,,,http://courses.alkhemyinstitute.edu.au/advanced-diploma-of-transpersonal-art-therapy/,2015-08-10
,279262840,1,0,0,0,0,0.00%,0,,,http://courses.alkhemyinstitute.edu.au/advanced-diploma-of-transpersonal-counselling/,2015-08-01
,279262840,5,0,0,0,0,0.00%,0,,,http://courses.alkhemyinstitute.edu.au/advanced-diploma-of-transpersonal-counselling/,2015-08-02
,279262840,7,1,6500000,0,6500000,0.00%,0,,,http://courses.alkhemyinstitute.edu.au/advanced-diploma-of-transpersonal-counselling/,2015-08-03
,279262840,1,1,5770000,0,5770000,0.00%,0,,,http://courses.alkhemyinstitute.edu.au/advanced-diploma-of-transpersonal-counselling/,2015-08-03
,279262840,3,1,11080000,0,11080000,0.00%,0,,,http://courses.alkhemyinstitute.edu.au/advanced-diploma-of-transpersonal-counselling/,2015-08-04
,279262840,1,0,0,0,0,0.00%,0,,,http://courses.alkhemyinstitute.edu.au/advanced-diploma-of-transpersonal-counselling/,2015-08-05
,279262840,12,2,8990000,0,4495000,0.00%,0,,,http://courses.alkhemyinstitute.edu.au/advanced-diploma-of-transpersonal-counselling/,2015-08-05
,279262840,8,0,0,0,0,0.00%,0,,,http://courses.alkhemyinstitute.edu.au/advanced-diploma-of-transpersonal-counselling/,2015-08-05
,279262840,4,0,0,0,0,0.00%,0,,,http://courses.alkhemyinstitute.edu.au/advanced-diploma-of-transpersonal-counselling/,2015-08-06
,279262840,2,0,0,0,0,0.00%,0,,,http://courses.alkhemyinstitute.edu.au/advanced-diploma-of-transpersonal-counselling/,2015-08-06
,279262840,2,0,0,0,0,0.00%,0,,,http://courses.alkhemyinstitute.edu.au/advanced-diploma-of-transpersonal-counselling/,2015-08-07
,279262840,2,0,0,0,0,0.00%,0,,,http://courses.alkhemyinstitute.edu.au/advanced-diploma-of-transpersonal-counselling/,2015-08-09
,279262840,24,0,0,0,0,0.00%,0,,,http://courses.alkhemyinstitute.edu.au/advanced-diploma-of-transpersonal-counselling/,2015-08-09
,279262840,1,0,0,0,0,0.00%,0,,,http://courses.alkhemyinstitute.edu.au/advanced-diploma-of-transpersonal-counselling/,2015-08-10
,279262840,93,0,0,0,0,0.00%,0,,,http://courses.alkhemyinstitute.edu.au/advanced-diploma-of-transpersonal-counselling/,2015-08-11
,279262840,4,0,0,0,0,0.00%,0,,,http://courses.alkhemyinstitute.edu.au/advanced-diploma-of-transpersonal-counselling/,2015-08-12
,279266320,5,0,0,0,0,0.00%,0,,,http://courses.alkhemyinstitute.edu.au/advanced-diploma-of-transpersonal-counselling/,2015-08-07
,279266320,1,0,0,0,0,0.00%,0,,,http://courses.alkhemyinstitute.edu.au/advanced-diploma-of-transpersonal-counselling/,2015-08-11
,243061000,75,0,0,0,0,0.00%,0,,,http://courses.alkhemyinstitute.edu.au/advanced-diploma-of-transpersonal-art-therapy/,2015-08-01
,243061000,42,0,0,0,0,0.00%,0,,,http://courses.alkhemyinstitute.edu.au/bachelor-of-holistic-counselling/,2015-08-01
,243061000,17,1,3000000,0,3000000,0.00%,0,,,http://courses.alkhemyinstitute.edu.au/bachelor-of-holistic-counselling/,2015-08-02
,243061000,51,0,0,0,0,0.00%,0,,,http://courses.alkhemyinstitute.edu.au/bachelor-of-holistic-counselling/,2015-08-02
,243061000,70,0,0,0,0,0.00%,0,,,http://courses.alkhemyinstitute.edu.au/advanced-diploma-of-transpersonal-art-therapy/,2015-08-03
,243061000,6,0,0,0,0,0.00%,0,,,http://courses.alkhemyinstitute.edu.au/bachelor-of-holistic-counselling/,2015-08-03
,243061000,85,1,2730000,0,2730000,0.00%,0,,,http://courses.alkhemyinstitute.edu.au/bachelor-of-holistic-counselling/,2015-08-03
,243061000,93,4,19480000,19480000,4870000,25.00%,1,,,http://courses.alkhemyinstitute.edu.au/bachelor-of-holistic-counselling/,2015-08-05
,243061000,351,3,17010000,0,5670000,0.00%,0,,,http://courses.alkhemyinstitute.edu.au/advanced-diploma-of-transpersonal-art-therapy/,2015-08-06
,243061000,164,1,7470000,0,7470000,0.00%,0,,,http://courses.alkhemyinstitute.edu.au/advanced-diploma-of-transpersonal-art-therapy/,2015-08-06
,243061000,2,0,0,0,0,0.00%,0,,,http://courses.alkhemyinstitute.edu.au/bachelor-of-holistic-counselling/,2015-08-06
,243061000,184,1,6950000,6950000,6950000,100.00%,1,,,http://courses.alkhemyinstitute.edu.au/bachelor-of-holistic-counselling/,2015-08-07
,243061000,43,2,6180000,3090000,3090000,100.00%,2,,,http://courses.alkhemyinstitute.edu.au/bachelor-of-holistic-counselling/,2015-08-10
,243061000,142,0,0,0,0,0.00%,0,,,http://courses.alkhemyinstitute.edu.au/advanced-diploma-of-transpersonal-art-therapy/,2015-08-11
,243061000,348,3,16030000,0,5343333,0.00%,0,,,http://courses.alkhemyinstitute.edu.au/bachelor-of-holistic-counselling/,2015-08-11
,243061000,54,0,0,0,0,0.00%,0,,,http://courses.alkhemyinstitute.edu.au/advanced-diploma-of-transpersonal-art-therapy/,2015-08-12
,243061000,113,1,5860000,0,5860000,0.00%,0,,,http://courses.alkhemyinstitute.edu.au/bachelor-of-holistic-counselling/,2015-08-12
,266808760,3,0,0,0,0,0.00%,0,,,http://courses.alkhemyinstitute.edu.au/advanced-diploma-of-transpersonal-art-therapy/,2015-08-01
,266808760,43,3,4800000,4800000,1600000,33.33%,1,,,http://courses.alkhemyinstitute.edu.au/advanced-diploma-of-transpersonal-art-therapy/,2015-08-03
,266808760,38,2,3180000,0,1590000,0.00%,0,,,http://courses.alkhemyinstitute.edu.au/advanced-diploma-of-transpersonal-art-therapy/,2015-08-04
,266808760,3,0,0,0,0,0.00%,0,,,http://courses.alkhemyinstitute.edu.au/advanced-diploma-of-transpersonal-art-therapy/,2015-08-05
,266808760,44,0,0,0,0,0.00%,0,,,http://courses.alkhemyinstitute.edu.au/advanced-diploma-of-transpersonal-art-therapy/,2015-08-06
,266808760,1,0,0,0,0,0.00%,0,,,http://courses.alkhemyinstitute.edu.au/advanced-diploma-of-transpersonal-art-therapy/,2015-08-06
,266808760,2,0,0,0,0,0.00%,0,,,http://courses.alkhemyinstitute.edu.au/advanced-diploma-of-transpersonal-art-therapy/,2015-08-07
,266808760,1,0,0,0,0,0.00%,0,,,http://courses.alkhemyinstitute.edu.au/advanced-diploma-of-transpersonal-art-therapy/,2015-08-08
,266808760,2,0,0,0,0,0.00%,0,,,http://courses.alkhemyinstitute.edu.au/advanced-diploma-of-transpersonal-art-therapy/,2015-08-09
,266808760,56,1,1200000,0,1200000,0.00%,0,,,http://courses.alkhemyinstitute.edu.au/advanced-diploma-of-transpersonal-art-therapy/,2015-08-10
,266809240,22,0,0,0,0,0.00%,0,,,http://courses.alkhemyinstitute.edu.au/advanced-diploma-of-transpersonal-counselling/,2015-08-02
,266809240,7,0,0,0,0,0.00%,0,,,http://courses.alkhemyinstitute.edu.au/advanced-diploma-of-transpersonal-counselling/,2015-08-03
,266809240,1,0,0,0,0,0.00%,0,,,http://courses.alkhemyinstitute.edu.au/advanced-diploma-of-transpersonal-counselling/,2015-08-06
,266809240,8,0,0,0,0,0.00%,0,,,http://courses.alkhemyinstitute.edu.au/advanced-diploma-of-transpersonal-counselling/,2015-08-07
,266809240,1,0,0,0,0,0.00%,0,,,http://courses.alkhemyinstitute.edu.au/advanced-diploma-of-transpersonal-counselling/,2015-08-07
,266808760,16,2,1990000,0,995000,0.00%,0,,,http://courses.alkhemyinstitute.edu.au/advanced-diploma-of-transpersonal-art-therapy/,2015-08-03
,266808760,2,0,0,0,0,0.00%,0,,,http://courses.alkhemyinstitute.edu.au/advanced-diploma-of-transpersonal-art-therapy/,2015-08-03
,266808760,1,1,2640000,0,2640000,0.00%,0,,,http://courses.alkhemyinstitute.edu.au/advanced-diploma-of-transpersonal-art-therapy/,2015-08-03
,266808760,35,2,1980000,0,990000,0.00%,0,,,http://courses.alkhemyinstitute.edu.au/advanced-diploma-of-transpersonal-art-therapy/,2015-08-04
,266808760,24,0,0,0,0,0.00%,0,,,http://courses.alkhemyinstitute.edu.au/advanced-diploma-of-transpersonal-art-therapy/,2015-08-05
,266808760,9,1,1190000,0,1190000,0.00%,0,,,http://courses.alkhemyinstitute.edu.au/advanced-diploma-of-transpersonal-art-therapy/,2015-08-05
,266808760,5,0,0,0,0,0.00%,0,,,http://courses.alkhemyinstitute.edu.au/advanced-diploma-of-transpersonal-art-therapy/,2015-08-05
,266808760,2,0,0,0,0,0.00%,0,,,http://courses.alkhemyinstitute.edu.au/advanced-diploma-of-transpersonal-art-therapy/,2015-08-05
,266808760,56,0,0,0,0,0.00%,0,,,http://courses.alkhemyinstitute.edu.au/advanced-diploma-of-transpersonal-art-therapy/,2015-08-06
,266808760,10,3,4760000,0,1586667,0.00%,0,,,http://courses.alkhemyinstitute.edu.au/advanced-diploma-of-transpersonal-art-therapy/,2015-08-06
,266808760,2,0,0,0,0,0.00%,0,,,http://courses.alkhemyinstitute.edu.au/advanced-diploma-of-transpersonal-art-therapy/,2015-08-06
,266808760,2,0,0,0,0,0.00%,0,,,http://courses.alkhemyinstitute.edu.au/advanced-diploma-of-transpersonal-art-therapy/,2015-08-06
,266808760,2,0,0,0,0,0.00%,0,,,http://courses.alkhemyinstitute.edu.au/advanced-diploma-of-transpersonal-art-therapy/,2015-08-06
,266808760,1,0,0,0,0,0.00%,0,,,http://courses.alkhemyinstitute.edu.au/advanced-diploma-of-transpersonal-art-therapy/,2015-08-07
,266808760,4,1,810000,0,810000,0.00%,0,,,http://courses.alkhemyinstitute.edu.au/advanced-diploma-of-transpersonal-art-therapy/,2015-08-08
,266808760,1,0,0,0,0,0.00%,0,,,http://courses.alkhemyinstitute.edu.au/advanced-diploma-of-transpersonal-art-therapy/,2015-08-08
,266808760,42,1,1110000,0,1110000,0.00%,0,,,http://courses.alkhemyinstitute.edu.au/advanced-diploma-of-transpersonal-art-therapy/,2015-08-09
,266808760,9,1,920000,0,920000,0.00%,0,,,http://courses.alkhemyinstitute.edu.au/advanced-diploma-of-transpersonal-art-therapy/,2015-08-09
,266808760,3,0,0,0,0,0.00%,0,,,http://courses.alkhemyinstitute.edu.au/advanced-diploma-of-transpersonal-art-therapy/,2015-08-09
,266808760,2,0,0,0,0,0.00%,0,,,http://courses.alkhemyinstitute.edu.au/advanced-diploma-of-transpersonal-art-therapy/,2015-08-10
,266808760,11,1,2110000,0,2110000,0.00%,0,,,http://courses.alkhemyinstitute.edu.au/advanced-diploma-of-transpersonal-art-therapy/,2015-08-11
,266808760,26,2,2610000,0,1305000,0.00%,0,,,http://courses.alkhemyinstitute.edu.au/advanced-diploma-of-transpersonal-art-therapy/,2015-08-11
,266808760,1,0,0,0,0,0.00%,0,,,http://courses.alkhemyinstitute.edu.au/advanced-diploma-of-transpersonal-art-therapy/,2015-08-11
,266808760,5,0,0,0,0,0.00%,0,,,http://courses.alkhemyinstitute.edu.au/advanced-diploma-of-transpersonal-art-therapy/,2015-08-11
,266808760,32,1,1760000,0,1760000,0.00%,0,,,http://courses.alkhemyinstitute.edu.au/advanced-diploma-of-transpersonal-art-therapy/,2015-08-12
,266808760,34,2,3030000,0,1515000,0.00%,0,,,http://courses.alkhemyinstitute.edu.au/advanced-diploma-of-transpersonal-art-therapy/,2015-08-12
,266808760,1,0,0,0,0,0.00%,0,,,http://courses.alkhemyinstitute.edu.au/advanced-diploma-of-transpersonal-art-therapy/,2015-08-12
,266808760,1,1,4810000,0,4810000,0.00%,0,,,http://courses.alkhemyinstitute.edu.au/advanced-diploma-of-transpersonal-art-therapy/,2015-08-12
,266809240,3,0,0,0,0,0.00%,0,,,http://courses.alkhemyinstitute.edu.au/advanced-diploma-of-transpersonal-counselling/,2015-08-01
,266809240,74,1,2440000,2440000,2440000,100.00%,1,,,http://courses.alkhemyinstitute.edu.au/advanced-diploma-of-transpersonal-counselling/,2015-08-01
,266809240,56,0,0,0,0,0.00%,0,,,http://courses.alkhemyinstitute.edu.au/advanced-diploma-of-transpersonal-counselling/,2015-08-02
,266809240,58,0,0,0,0,0.00%,0,,,http://courses.alkhemyinstitute.edu.au/advanced-diploma-of-transpersonal-counselling/,2015-08-03
,266809240,87,1,1620000,0,1620000,0.00%,0,,,http://courses.alkhemyinstitute.edu.au/advanced-diploma-of-transpersonal-counselling/,2015-08-05
,266809240,1,0,0,0,0,0.00%,0,,,http://courses.alkhemyinstitute.edu.au/advanced-diploma-of-transpersonal-counselling/,2015-08-05
,266809240,110,3,6890000,6890000,2296667,33.33%,1,,,http://courses.alkhemyinstitute.edu.au/advanced-diploma-of-transpersonal-counselling/,2015-08-06
,266809240,51,0,0,0,0,0.00%,0,,,http://courses.alkhemyinstitute.edu.au/advanced-diploma-of-transpersonal-counselling/,2015-08-07
,266809240,69,1,5370000,0,5370000,0.00%,0,,,http://courses.alkhemyinstitute.edu.au/advanced-diploma-of-transpersonal-counselling/,2015-08-07
,266809240,69,0,0,0,0,0.00%,0,,,http://courses.alkhemyinstitute.edu.au/advanced-diploma-of-transpersonal-counselling/,2015-08-08
,266809240,55,0,0,0,0,0.00%,0,,,http://courses.alkhemyinstitute.edu.au/advanced-diploma-of-transpersonal-counselling/,2015-08-08
,266809240,56,1,7410000,0,7410000,0.00%,0,,,http://courses.alkhemyinstitute.edu.au/advanced-diploma-of-transpersonal-counselling/,2015-08-09
,266809240,1,0,0,0,0,0.00%,0,,,http://courses.alkhemyinstitute.edu.au/advanced-diploma-of-transpersonal-counselling/,2015-08-09
,266809240,56,0,0,0,0,0.00%,0,,,http://courses.alkhemyinstitute.edu.au/advanced-diploma-of-transpersonal-counselling/,2015-08-10
,266809240,53,0,0,0,0,0.00%,0,,,http://courses.alkhemyinstitute.edu.au/advanced-diploma-of-transpersonal-counselling/,2015-08-11
,266809240,4,0,0,0,0,0.00%,0,,,http://courses.alkhemyinstitute.edu.au/advanced-diploma-of-transpersonal-counselling/,2015-08-11
,279262360,9,0,0,0,0,0.00%,0,,,http://courses.alkhemyinstitute.edu.au/advanced-diploma-of-transpersonal-art-therapy/,2015-08-01
,279262360,2,0,0,0,0,0.00%,0,,,http://courses.alkhemyinstitute.edu.au/advanced-diploma-of-transpersonal-art-therapy/,2015-08-02
,279262360,45,0,0,0,0,0.00%,0,,,http://courses.alkhemyinstitute.edu.au/advanced-diploma-of-transpersonal-art-therapy/,2015-08-02
,279262360,41,0,0,0,0,0.00%,0,,,http://courses.alkhemyinstitute.edu.au/advanced-diploma-of-transpersonal-art-therapy/,2015-08-03
,279262360,19,0,0,0,0,0.00%,0,,,http://courses.alkhemyinstitute.edu.au/advanced-diploma-of-transpersonal-art-therapy/,2015-08-03
,279262360,1,0,0,0,0,0.00%,0,,,http://courses.alkhemyinstitute.edu.au/advanced-diploma-of-transpersonal-art-therapy/,2015-08-04
,279262360,6,0,0,0,0,0.00%,0,,,http://courses.alkhemyinstitute.edu.au/advanced-diploma-of-transpersonal-art-therapy/,2015-08-09
,279262360,1,0,0,0,0,0.00%,0,,,http://courses.alkhemyinstitute.edu.au/advanced-diploma-of-transpersonal-art-therapy/,2015-08-12
,279262840,2,0,0,0,0,0.00%,0,,,http://courses.alkhemyinstitute.edu.au/advanced-diploma-of-transpersonal-counselling/,2015-08-05
,279262840,54,0,0,0,0,0.00%,0,,,http://courses.alkhemyinstitute.edu.au/advanced-diploma-of-transpersonal-counselling/,2015-08-06
,279262840,4,0,0,0,0,0.00%,0,,,http://courses.alkhemyinstitute.edu.au/advanced-diploma-of-transpersonal-counselling/,2015-08-06
,279262840,56,0,0,0,0,0.00%,0,,,http://courses.alkhemyinstitute.edu.au/advanced-diploma-of-transpersonal-counselling/,2015-08-09
,279262840,17,1,12900000,0,12900000,0.00%,0,,,http://courses.alkhemyinstitute.edu.au/advanced-diploma-of-transpersonal-counselling/,2015-08-10
,279262840,66,1,13960000,0,13960000,0.00%,0,,,http://courses.alkhemyinstitute.edu.au/advanced-diploma-of-transpersonal-counselling/,2015-08-11
,279266320,3,0,0,0,0,0.00%,0,,,http://courses.alkhemyinstitute.edu.au/advanced-diploma-of-transpersonal-counselling/,2015-08-04
,279266320,2,0,0,0,0,0.00%,0,,,http://courses.alkhemyinstitute.edu.au/advanced-diploma-of-transpersonal-counselling/,2015-08-05
,279266320,1,0,0,0,0,0.00%,0,,,http://courses.alkhemyinstitute.edu.au/advanced-diploma-of-transpersonal-counselling/,2015-08-05
,279266320,3,0,0,0,0,0.00%,0,,,http://courses.alkhemyinstitute.edu.au/advanced-diploma-of-transpersonal-counselling/,2015-08-06
,279266320,2,0,0,0,0,0.00%,0,,,http://courses.alkhemyinstitute.edu.au/advanced-diploma-of-transpersonal-counselling/,2015-08-08
,279279160,1,0,0,0,0,0.00%,0,,,http://courses.alkhemyinstitute.edu.au/advanced-diploma-of-transpersonal-art-therapy/,2015-08-05
,243061000,48,3,7920000,0,2640000,0.00%,0,,,http://courses.alkhemyinstitute.edu.au/bachelor-of-holistic-counselling/,2015-08-03
,243061000,323,5,23440000,23440000,4688000,20.00%,1,,,http://courses.alkhemyinstitute.edu.au/advanced-diploma-of-transpersonal-art-therapy/,2015-08-04
,243061000,45,0,0,0,0,0.00%,0,,,http://courses.alkhemyinstitute.edu.au/bachelor-of-holistic-counselling/,2015-08-04
,243061000,214,1,3450000,0,3450000,0.00%,0,,,http://courses.alkhemyinstitute.edu.au/advanced-diploma-of-transpersonal-art-therapy/,2015-08-05
,243061000,211,1,4310000,0,4310000,0.00%,0,,,http://courses.alkhemyinstitute.edu.au/bachelor-of-holistic-counselling/,2015-08-06
,243061000,46,0,0,0,0,0.00%,0,,,http://courses.alkhemyinstitute.edu.au/advanced-diploma-of-transpersonal-art-therapy/,2015-08-07
,243061000,85,0,0,0,0,0.00%,0,,,http://courses.alkhemyinstitute.edu.au/advanced-diploma-of-transpersonal-art-therapy/,2015-08-08
,243061000,179,1,6530000,0,6530000,0.00%,0,,,http://courses.alkhemyinstitute.edu.au/bachelor-of-holistic-counselling/,2015-08-08
,243061000,29,2,4670000,0,2335000,0.00%,0,,,http://courses.alkhemyinstitute.edu.au/bachelor-of-holistic-counselling/,2015-08-08
,243061000,2,0,0,0,0,0.00%,0,,,http://courses.alkhemyinstitute.edu.au/bachelor-of-holistic-counselling/,2015-08-08
,243061000,34,1,6310000,0,6310000,0.00%,0,,,http://courses.alkhemyinstitute.edu.au/advanced-diploma-of-transpersonal-art-therapy/,2015-08-09
,243061000,267,3,19830000,19830000,6610000,33.33%,1,,,http://courses.alkhemyinstitute.edu.au/advanced-diploma-of-transpersonal-art-therapy/,2015-08-10
,243061000,433,2,9780000,9780000,4890000,50.00%,1,,,http://courses.alkhemyinstitute.edu.au/advanced-diploma-of-transpersonal-art-therapy/,2015-08-11
,243061000,39,2,4360000,0,2180000,0.00%,0,,,http://courses.alkhemyinstitute.edu.au/bachelor-of-holistic-counselling/,2015-08-11
,243061000,42,0,0,0,0,0.00%,0,,,http://courses.alkhemyinstitute.edu.au/advanced-diploma-of-transpersonal-art-therapy/,2015-08-12
,266808760,2,0,0,0,0,0.00%,0,,,http://courses.alkhemyinstitute.edu.au/advanced-diploma-of-transpersonal-art-therapy/,2015-08-01
,266808760,24,0,0,0,0,0.00%,0,,,http://courses.alkhemyinstitute.edu.au/advanced-diploma-of-transpersonal-art-therapy/,2015-08-02
,266808760,1,0,0,0,0,0.00%,0,,,http://courses.alkhemyinstitute.edu.au/advanced-diploma-of-transpersonal-art-therapy/,2015-08-02
,266809240,93,0,0,0,0,0.00%,0,,,http://courses.alkhemyinstitute.edu.au/advanced-diploma-of-transpersonal-counselling/,2015-08-10
,266809240,1,0,0,0,0,0.00%,0,,,http://courses.alkhemyinstitute.edu.au/advanced-diploma-of-transpersonal-counselling/,2015-08-11
,266809240,69,0,0,0,0,0.00%,0,,,http://courses.alkhemyinstitute.edu.au/advanced-diploma-of-transpersonal-counselling/,2015-08-11
,266809240,1,0,0,0,0,0.00%,0,,,http://courses.alkhemyinstitute.edu.au/advanced-diploma-of-transpersonal-counselling/,2015-08-12
,266809240,34,0,0,0,0,0.00%,0,,,http://courses.alkhemyinstitute.edu.au/advanced-diploma-of-transpersonal-counselling/,2015-08-12
,279262360,2,0,0,0,0,0.00%,0,,,http://courses.alkhemyinstitute.edu.au/advanced-diploma-of-transpersonal-art-therapy/,2015-08-02
,279262360,1,0,0,0,0,0.00%,0,,,http://courses.alkhemyinstitute.edu.au/advanced-diploma-of-transpersonal-art-therapy/,2015-08-03
,279262360,17,0,0,0,0,0.00%,0,,,http://courses.alkhemyinstitute.edu.au/advanced-diploma-of-transpersonal-art-therapy/,2015-08-04
,279262360,9,0,0,0,0,0.00%,0,,,http://courses.alkhemyinstitute.edu.au/advanced-diploma-of-transpersonal-art-therapy/,2015-08-05
,279262360,9,0,0,0,0,0.00%,0,,,http://courses.alkhemyinstitute.edu.au/advanced-diploma-of-transpersonal-art-therapy/,2015-08-06
,279262360,5,0,0,0,0,0.00%,0,,,http://courses.alkhemyinstitute.edu.au/advanced-diploma-of-transpersonal-art-therapy/,2015-08-08
,279262360,2,0,0,0,0,0.00%,0,,,http://courses.alkhemyinstitute.edu.au/advanced-diploma-of-transpersonal-art-therapy/,2015-08-10
,279262360,9,1,950000,0,950000,0.00%,0,,,http://courses.alkhemyinstitute.edu.au/advanced-diploma-of-transpersonal-art-therapy/,2015-08-10
,279262360,5,0,0,0,0,0.00%,0,,,http://courses.alkhemyinstitute.edu.au/advanced-diploma-of-transpersonal-art-therapy/,2015-08-11
,279262360,1,0,0,0,0,0.00%,0,,,http://courses.alkhemyinstitute.edu.au/advanced-diploma-of-transpersonal-art-therapy/,2015-08-12
,279262360,1,0,0,0,0,0.00%,0,,,http://courses.alkhemyinstitute.edu.au/advanced-diploma-of-transpersonal-art-therapy/,2015-08-12
,279262840,36,1,12760000,0,12760000,0.00%,0,,,http://courses.alkhemyinstitute.edu.au/advanced-diploma-of-transpersonal-counselling/,2015-08-02
,279262840,22,0,0,0,0,0.00%,0,,,http://courses.alkhemyinstitute.edu.au/advanced-diploma-of-transpersonal-counselling/,2015-08-03
,279262840,1,0,0,0,0,0.00%,0,,,http://courses.alkhemyinstitute.edu.au/advanced-diploma-of-transpersonal-counselling/,2015-08-03
,279262840,2,0,0,0,0,0.00%,0,,,http://courses.alkhemyinstitute.edu.au/advanced-diploma-of-transpersonal-counselling/,2015-08-04
,279262840,97,1,8960000,0,8960000,0.00%,0,,,http://courses.alkhemyinstitute.edu.au/advanced-diploma-of-transpersonal-counselling/,2015-08-05
,279262840,13,0,0,0,0,0.00%,0,,,http://courses.alkhemyinstitute.edu.au/advanced-diploma-of-transpersonal-counselling/,2015-08-05
,279262840,4,0,0,0,0,0.00%,0,,,http://courses.alkhemyinstitute.edu.au/advanced-diploma-of-transpersonal-counselling/,2015-08-05
,279262840,7,0,0,0,0,0.00%,0,,,http://courses.alkhemyinstitute.edu.au/advanced-diploma-of-transpersonal-counselling/,2015-08-07
,279262840,1,0,0,0,0,0.00%,0,,,http://courses.alkhemyinstitute.edu.au/advanced-diploma-of-transpersonal-counselling/,2015-08-09
,279262840,3,0,0,0,0,0.00%,0,,,http://courses.alkhemyinstitute.edu.au/advanced-diploma-of-transpersonal-counselling/,2015-08-10
,279262840,37,1,13050000,0,13050000,0.00%,0,,,http://courses.alkhemyinstitute.edu.au/advanced-diploma-of-transpersonal-counselling/,2015-08-12
,279266320,3,0,0,0,0,0.00%,0,,,http://courses.alkhemyinstitute.edu.au/advanced-diploma-of-transpersonal-counselling/,2015-08-02
,279266320,4,0,0,0,0,0.00%,0,,,http://courses.alkhemyinstitute.edu.au/advanced-diploma-of-transpersonal-counselling/,2015-08-03
,279266320,1,0,0,0,0,0.00%,0,,,http://courses.alkhemyinstitute.edu.au/advanced-diploma-of-transpersonal-counselling/,2015-08-04
,279266320,1,0,0,0,0,0.00%,0,,,http://courses.alkhemyinstitute.edu.au/advanced-diploma-of-transpersonal-counselling/,2015-08-06
,279266320,1,0,0,0,0,0.00%,0,,,http://courses.alkhemyinstitute.edu.au/advanced-diploma-of-transpersonal-counselling/,2015-08-10
,279266320,1,0,0,0,0,0.00%,0,,,http://courses.alkhemyinstitute.edu.au/advanced-diploma-of-transpersonal-counselling/,2015-08-11
,266809240,1,0,0,0,0,0.00%,0,,,http://courses.alkhemyinstitute.edu.au/advanced-diploma-of-transpersonal-counselling/,2015-08-09
,266809240,1,0,0,0,0,0.00%,0,,,http://courses.alkhemyinstitute.edu.au/advanced-diploma-of-transpersonal-counselling/,2015-08-09
,266809240,3,0,0,0,0,0.00%,0,,,http://courses.alkhemyinstitute.edu.au/advanced-diploma-of-transpersonal-counselling/,2015-08-10
,266809240,4,0,0,0,0,0.00%,0,,,http://courses.alkhemyinstitute.edu.au/advanced-diploma-of-transpersonal-counselling/,2015-08-10
,279262360,9,0,0,0,0,0.00%,0,,,http://courses.alkhemyinstitute.edu.au/advanced-diploma-of-transpersonal-art-therapy/,2015-08-01
,279262360,1,0,0,0,0,0.00%,0,,,http://courses.alkhemyinstitute.edu.au/advanced-diploma-of-transpersonal-art-therapy/,2015-08-05
,279262360,2,0,0,0,0,0.00%,0,,,http://courses.alkhemyinstitute.edu.au/advanced-diploma-of-transpersonal-art-therapy/,2015-08-05
,279262360,1,0,0,0,0,0.00%,0,,,http://courses.alkhemyinstitute.edu.au/advanced-diploma-of-transpersonal-art-therapy/,2015-08-09
,279262360,1,0,0,0,0,0.00%,0,,,http://courses.alkhemyinstitute.edu.au/advanced-diploma-of-transpersonal-art-therapy/,2015-08-12
,279262360,1,0,0,0,0,0.00%,0,,,http://courses.alkhemyinstitute.edu.au/advanced-diploma-of-transpersonal-art-therapy/,2015-08-12
,279262840,1,0,0,0,0,0.00%,0,,,http://courses.alkhemyinstitute.edu.au/advanced-diploma-of-transpersonal-counselling/,2015-08-01
,279262840,7,0,0,0,0,0.00%,0,,,http://courses.alkhemyinstitute.edu.au/advanced-diploma-of-transpersonal-counselling/,2015-08-01
,279262840,1,0,0,0,0,0.00%,0,,,http://courses.alkhemyinstitute.edu.au/advanced-diploma-of-transpersonal-counselling/,2015-08-01
,279262840,114,0,0,0,0,0.00%,0,,,http://courses.alkhemyinstitute.edu.au/advanced-diploma-of-transpersonal-counselling/,2015-08-02
,279262840,1,0,0,0,0,0.00%,0,,,http://courses.alkhemyinstitute.edu.au/advanced-diploma-of-transpersonal-counselling/,2015-08-02
,279262840,38,0,0,0,0,0.00%,0,,,http://courses.alkhemyinstitute.edu.au/advanced-diploma-of-transpersonal-counselling/,2015-08-03
,279262840,1,0,0,0,0,0.00%,0,,,http://courses.alkhemyinstitute.edu.au/advanced-diploma-of-transpersonal-counselling/,2015-08-03
,279262840,4,1,10800000,0,10800000,0.00%,0,,,http://courses.alkhemyinstitute.edu.au/advanced-diploma-of-transpersonal-counselling/,2015-08-03
,279262840,64,0,0,0,0,0.00%,0,,,http://courses.alkhemyinstitute.edu.au/advanced-diploma-of-transpersonal-counselling/,2015-08-04
,279262840,2,0,0,0,0,0.00%,0,,,http://courses.alkhemyinstitute.edu.au/advanced-diploma-of-transpersonal-counselling/,2015-08-04
,279262840,1,0,0,0,0,0.00%,0,,,http://courses.alkhemyinstitute.edu.au/advanced-diploma-of-transpersonal-counselling/,2015-08-04
,279262840,235,0,0,0,0,0.00%,0,,,http://courses.alkhemyinstitute.edu.au/advanced-diploma-of-transpersonal-counselling/,2015-08-05
,279262840,22,0,0,0,0,0.00%,0,,,http://courses.alkhemyinstitute.edu.au/advanced-diploma-of-transpersonal-counselling/,2015-08-05
,279262840,16,1,9590000,0,9590000,0.00%,0,,,http://courses.alkhemyinstitute.edu.au/advanced-diploma-of-transpersonal-counselling/,2015-08-06
,279262840,5,0,0,0,0,0.00%,0,,,http://courses.alkhemyinstitute.edu.au/advanced-diploma-of-transpersonal-counselling/,2015-08-06
,279262840,4,0,0,0,0,0.00%,0,,,http://courses.alkhemyinstitute.edu.au/advanced-diploma-of-transpersonal-counselling/,2015-08-06
,279262840,11,0,0,0,0,0.00%,0,,,http://courses.alkhemyinstitute.edu.au/advanced-diploma-of-transpersonal-counselling/,2015-08-07
,279262840,145,1,13500000,0,13500000,0.00%,0,,,http://courses.alkhemyinstitute.edu.au/advanced-diploma-of-transpersonal-counselling/,2015-08-07
,279262840,9,0,0,0,0,0.00%,0,,,http://courses.alkhemyinstitute.edu.au/advanced-diploma-of-transpersonal-counselling/,2015-08-07
,279262840,17,0,0,0,0,0.00%,0,,,http://courses.alkhemyinstitute.edu.au/advanced-diploma-of-transpersonal-counselling/,2015-08-08
,279262840,2,0,0,0,0,0.00%,0,,,http://courses.alkhemyinstitute.edu.au/advanced-diploma-of-transpersonal-counselling/,2015-08-08
,279262840,3,0,0,0,0,0.00%,0,,,http://courses.alkhemyinstitute.edu.au/advanced-diploma-of-transpersonal-counselling/,2015-08-09
,279262840,3,0,0,0,0,0.00%,0,,,http://courses.alkhemyinstitute.edu.au/advanced-diploma-of-transpersonal-counselling/,2015-08-10
,279262840,8,0,0,0,0,0.00%,0,,,http://courses.alkhemyinstitute.edu.au/advanced-diploma-of-transpersonal-counselling/,2015-08-11
,279266320,1,0,0,0,0,0.00%,0,,,http://courses.alkhemyinstitute.edu.au/advanced-diploma-of-transpersonal-counselling/,2015-08-09
,279266320,3,0,0,0,0,0.00%,0,,,http://courses.alkhemyinstitute.edu.au/advanced-diploma-of-transpersonal-counselling/,2015-08-10
,266808760,1,0,0,0,0,0.00%,0,,,http://courses.alkhemyinstitute.edu.au/advanced-diploma-of-transpersonal-art-therapy/,2015-08-03
,266808760,1,0,0,0,0,0.00%,0,,,http://courses.alkhemyinstitute.edu.au/advanced-diploma-of-transpersonal-art-therapy/,2015-08-04
,266808760,1,0,0,0,0,0.00%,0,,,http://courses.alkhemyinstitute.edu.au/advanced-diploma-of-transpersonal-art-therapy/,2015-08-04
,266808760,3,0,0,0,0,0.00%,0,,,http://courses.alkhemyinstitute.edu.au/advanced-diploma-of-transpersonal-art-therapy/,2015-08-04
,266808760,1,0,0,0,0,0.00%,0,,,http://courses.alkhemyinstitute.edu.au/advanced-diploma-of-transpersonal-art-therapy/,2015-08-06
,266808760,30,3,5650000,0,1883333,0.00%,0,,,http://courses.alkhemyinstitute.edu.au/advanced-diploma-of-transpersonal-art-therapy/,2015-08-07
,266808760,47,3,5450000,0,1816667,0.00%,0,,,http://courses.alkhemyinstitute.edu.au/advanced-diploma-of-transpersonal-art-therapy/,2015-08-07
,266808760,1,0,0,0,0,0.00%,0,,,http://courses.alkhemyinstitute.edu.au/advanced-diploma-of-transpersonal-art-therapy/,2015-08-07
,266808760,3,0,0,0,0,0.00%,0,,,http://courses.alkhemyinstitute.edu.au/advanced-diploma-of-transpersonal-art-therapy/,2015-08-07
,266808760,1,0,0,0,0,0.00%,0,,,http://courses.alkhemyinstitute.edu.au/advanced-diploma-of-transpersonal-art-therapy/,2015-08-08
,266808760,3,0,0,0,0,0.00%,0,,,http://courses.alkhemyinstitute.edu.au/advanced-diploma-of-transpersonal-art-therapy/,2015-08-08
,266808760,31,3,4920000,4920000,1640000,33.33%,1,,,http://courses.alkhemyinstitute.edu.au/advanced-diploma-of-transpersonal-art-therapy/,2015-08-09
,266808760,1,0,0,0,0,0.00%,0,,,http://courses.alkhemyinstitute.edu.au/advanced-diploma-of-transpersonal-art-therapy/,2015-08-09
,266808760,4,0,0,0,0,0.00%,0,,,http://courses.alkhemyinstitute.edu.au/advanced-diploma-of-transpersonal-art-therapy/,2015-08-10
,266808760,12,0,0,0,0,0.00%,0,,,http://courses.alkhemyinstitute.edu.au/advanced-diploma-of-transpersonal-art-therapy/,2015-08-10
,266808760,52,4,6570000,6570000,1642500,25.00%,1,,,http://courses.alkhemyinstitute.edu.au/advanced-diploma-of-transpersonal-art-therapy/,2015-08-11
,266809240,14,0,0,0,0,0.00%,0,,,http://courses.alkhemyinstitute.edu.au/advanced-diploma-of-transpersonal-counselling/,2015-08-01
,266809240,1,0,0,0,0,0.00%,0,,,http://courses.alkhemyinstitute.edu.au/advanced-diploma-of-transpersonal-counselling/,2015-08-01
,266809240,1,0,0,0,0,0.00%,0,,,http://courses.alkhemyinstitute.edu.au/advanced-diploma-of-transpersonal-counselling/,2015-08-02
,266809240,2,0,0,0,0,0.00%,0,,,http://courses.alkhemyinstitute.edu.au/advanced-diploma-of-transpersonal-counselling/,2015-08-03
,266809240,4,0,0,0,0,0.00%,0,,,http://courses.alkhemyinstitute.edu.au/advanced-diploma-of-transpersonal-counselling/,2015-08-05
,266809240,4,0,0,0,0,0.00%,0,,,http://courses.alkhemyinstitute.edu.au/advanced-diploma-of-transpersonal-counselling/,2015-08-05
,266809240,1,0,0,0,0,0.00%,0,,,http://courses.alkhemyinstitute.edu.au/advanced-diploma-of-transpersonal-counselling/,2015-08-05
,266809240,1,0,0,0,0,0.00%,0,,,http://courses.alkhemyinstitute.edu.au/advanced-diploma-of-transpersonal-counselling/,2015-08-06
,266809240,2,0,0,0,0,0.00%,0,,,http://courses.alkhemyinstitute.edu.au/advanced-diploma-of-transpersonal-counselling/,2015-08-07
,266809240,2,0,0,0,0,0.00%,0,,,http://courses.alkhemyinstitute.edu.au/advanced-diploma-of-transpersonal-counselling/,2015-08-08
,266809240,53,2,12510000,0,6255000,0.00%,0,,,http://courses.alkhemyinstitute.edu.au/advanced-diploma-of-transpersonal-counselling/,2015-08-11
,266809240,17,0,0,0,0,0.00%,0,,,http://courses.alkhemyinstitute.edu.au/advanced-diploma-of-transpersonal-counselling/,2015-08-12
,279262360,10,0,0,0,0,0.00%,0,,,http://courses.alkhemyinstitute.edu.au/advanced-diploma-of-transpersonal-art-therapy/,2015-08-02
,279262360,1,0,0,0,0,0.00%,0,,,http://courses.alkhemyinstitute.edu.au/advanced-diploma-of-transpersonal-art-therapy/,2015-08-03
,279262360,21,0,0,0,0,0.00%,0,,,http://courses.alkhemyinstitute.edu.au/advanced-diploma-of-transpersonal-art-therapy/,2015-08-04
,279262360,6,0,0,0,0,0.00%,0,,,http://courses.alkhemyinstitute.edu.au/advanced-diploma-of-transpersonal-art-therapy/,2015-08-07
,279262840,35,2,23520000,0,11760000,0.00%,0,,,http://courses.alkhemyinstitute.edu.au/advanced-diploma-of-transpersonal-counselling/,2015-08-01
,279262840,11,0,0,0,0,0.00%,0,,,http://courses.alkhemyinstitute.edu.au/advanced-diploma-of-transpersonal-counselling/,2015-08-02
,279262840,2,1,8640000,8640000,8640000,100.00%,1,,,http://courses.alkhemyinstitute.edu.au/advanced-diploma-of-transpersonal-counselling/,2015-08-04
,279262840,9,0,0,0,0,0.00%,0,,,http://courses.alkhemyinstitute.edu.au/advanced-diploma-of-transpersonal-counselling/,2015-08-05
,279262840,1,0,0,0,0,0.00%,0,,,http://courses.alkhemyinstitute.edu.au/advanced-diploma-of-transpersonal-counselling/,2015-08-05
,279262840,1,0,0,0,0,0.00%,0,,,http://courses.alkhemyinstitute.edu.au/advanced-diploma-of-transpersonal-counselling/,2015-08-05
,279262840,1,0,0,0,0,0.00%,0,,,http://courses.alkhemyinstitute.edu.au/advanced-diploma-of-transpersonal-counselling/,2015-08-06
,279262840,2,0,0,0,0,0.00%,0,,,http://courses.alkhemyinstitute.edu.au/advanced-diploma-of-transpersonal-counselling/,2015-08-06
,279262840,7,1,9120000,0,9120000,0.00%,0,,,http://courses.alkhemyinstitute.edu.au/advanced-diploma-of-transpersonal-counselling/,2015-08-07
,279262840,10,0,0,0,0,0.00%,0,,,http://courses.alkhemyinstitute.edu.au/advanced-diploma-of-transpersonal-counselling/,2015-08-08
,279262840,6,0,0,0,0,0.00%,0,,,http://courses.alkhemyinstitute.edu.au/advanced-diploma-of-transpersonal-counselling/,2015-08-08
,279262840,1,0,0,0,0,0.00%,0,,,http://courses.alkhemyinstitute.edu.au/advanced-diploma-of-transpersonal-counselling/,2015-08-08
,279262840,10,0,0,0,0,0.00%,0,,,http://courses.alkhemyinstitute.edu.au/advanced-diploma-of-transpersonal-counselling/,2015-08-08
,279262840,8,0,0,0,0,0.00%,0,,,http://courses.alkhemyinstitute.edu.au/advanced-diploma-of-transpersonal-counselling/,2015-08-09
,279262840,5,0,0,0,0,0.00%,0,,,http://courses.alkhemyinstitute.edu.au/advanced-diploma-of-transpersonal-counselling/,2015-08-09
,279262840,3,0,0,0,0,0.00%,0,,,http://courses.alkhemyinstitute.edu.au/advanced-diploma-of-transpersonal-counselling/,2015-08-10
,279262840,2,0,0,0,0,0.00%,0,,,http://courses.alkhemyinstitute.edu.au/advanced-diploma-of-transpersonal-counselling/,2015-08-11
,279262840,1,0,0,0,0,0.00%,0,,,http://courses.alkhemyinstitute.edu.au/advanced-diploma-of-transpersonal-counselling/,2015-08-12
,279262840,7,0,0,0,0,0.00%,0,,,http://courses.alkhemyinstitute.edu.au/advanced-diploma-of-transpersonal-counselling/,2015-08-12
,279262840,6,0,0,0,0,0.00%,0,,,http://courses.alkhemyinstitute.edu.au/advanced-diploma-of-transpersonal-counselling/,2015-08-12
,279266320,1,0,0,0,0,0.00%,0,,,http://courses.alkhemyinstitute.edu.au/advanced-diploma-of-transpersonal-counselling/,2015-08-01
,279266320,4,0,0,0,0,0.00%,0,,,http://courses.alkhemyinstitute.edu.au/advanced-diploma-of-transpersonal-counselling/,2015-08-02
,279266320,1,0,0,0,0,0.00%,0,,,http://courses.alkhemyinstitute.edu.au/advanced-diploma-of-transpersonal-counselling/,2015-08-03
,279266320,3,2,5130000,0,2565000,0.00%,0,,,http://courses.alkhemyinstitute.edu.au/advanced-diploma-of-transpersonal-counselling/,2015-08-04
,279266320,1,0,0,0,0,0.00%,0,,,http://courses.alkhemyinstitute.edu.au/advanced-diploma-of-transpersonal-counselling/,2015-08-06
,279266320,2,1,2240000,0,2240000,0.00%,0,,,http://courses.alkhemyinstitute.edu.au/advanced-diploma-of-transpersonal-counselling/,2015-08-06
,279266320,1,2,4960000,0,2480000,0.00%,0,,,http://courses.alkhemyinstitute.edu.au/advanced-diploma-of-transpersonal-counselling/,2015-08-08
,279266320,1,0,0,0,0,0.00%,0,,,http://courses.alkhemyinstitute.edu.au/advanced-diploma-of-transpersonal-counselling/,2015-08-09
,279266320,2,0,0,0,0,0.00%,0,,,http://courses.alkhemyinstitute.edu.au/advanced-diploma-of-transpersonal-counselling/,2015-08-11
,279266320,1,0,0,0,0,0.00%,0,,,http://courses.alkhemyinstitute.edu.au/advanced-diploma-of-transpersonal-counselling/,2015-08-12
,279279160,1,0,0,0,0,0.00%,0,,,http://courses.alkhemyinstitute.edu.au/advanced-diploma-of-transpersonal-art-therapy/,2015-08-02
,279279160,1,0,0,0,0,0.00%,0,,,http://courses.alkhemyinstitute.edu.au/advanced-diploma-of-transpersonal-art-therapy/,2015-08-02
,279279160,1,1,910000,0,910000,0.00%,0,,,http://courses.alkhemyinstitute.edu.au/advanced-diploma-of-transpersonal-art-therapy/,2015-08-03
,279279160,5,0,0,0,0,0.00%,0,,,http://courses.alkhemyinstitute.edu.au/advanced-diploma-of-transpersonal-art-therapy/,2015-08-04
,279279160,1,0,0,0,0,0.00%,0,,,http://courses.alkhemyinstitute.edu.au/advanced-diploma-of-transpersonal-art-therapy/,2015-08-05
,279279160,1,0,0,0,0,0.00%,0,,,http://courses.alkhemyinstitute.edu.au/advanced-diploma-of-transpersonal-art-therapy/,2015-08-11
Total, --,19584,316,1243030000,40097742,3933639,9.81%,31, --, --, --, --
